{
  "year": 1400,
  "sources": [
    "law_text",
    "revenues_csv",
    "expenses_csv",
    "pdf"
  ],
  "summary": {},
  "revenues": {
    "total": 6062035.23,
    "tax": 329838.96,
    "oil_gas": 0,
    "by_level1": {
      "درآمدها": 2102543.29,
      "منابع مالی": 1246174.88,
      "سرمایه‌های ملی": 1186405.13,
      " منابع هدفمندی یارانه‌ها در بودجه عمومی": 76571.0
    }
  },
  "expenses": {
    "total": 7170133.029999999,
    "current_estimated": 74.23,
    "capital_estimated": 750996.54,
    "by_level1": {
      "ملی": 3513753.76,
      "متفرقه": 2095388.1800000002,
      "استانی": 110650.16
    }
  },
  "balance": {
    "revenues": 6062035.23,
    "expenses": 7170133.029999999,
    "surplus_deficit": -1108097.7999999989,
    "status": "deficit"
  }
}